Date,Annee,Mois,Jour,Patient Age,Patient Genre,Age Group,CA - Non Organization Demande Fact,Nbr Demande - Non Organization Demande Fact
2022-04-13,2022,4,13,30,Male,30–39,0.0,0
2023-03-12,2023,3,12,16,Female,0–17,0.0,0
2022-09-28,2022,9,28,40,Female,40–49,0.0,0
2022-04-17,2022,4,17,19,Male,18–29,0.0,0
2022-03-13,2022,3,13,18,Female,18–29,0.0,0
2023-12-02,2023,12,2,1,Female,0–17,0.0,0
2022-01-21,2022,1,21,78,Female,70–79,0.0,0
2023-09-07,2023,9,7,47,Female,40–49,0.0,0
2022-05-02,2022,5,2,66,Male,60–69,0.0,0
2023-04-12,2023,4,12,38,Female,30–39,0.0,0
2022-08-03,2022,8,3,51,Female,50–59,0.0,0
2022-11-27,2022,11,27,63,Male,60–69,0.0,0
2023-04-04,2023,4,4,4,Male,0–17,0.0,0
2022-03-29,2022,3,29,1,Female,0–17,0.0,0
2023-01-08,2023,1,8,8,Female,0–17,0.0,0
2022-04-10,2022,4,10,29,Male,18–29,0.0,0
2023-10-26,2023,10,26,55,Female,50–59,0.0,0
2022-05-11,2022,5,11,3,Male,0–17,0.0,0
2023-10-24,2023,10,24,32,Female,30–39,36.09,2
2022-11-05,2022,11,5,10,Male,0–17,0.0,0
2022-12-10,2022,12,10,74,Male,70–79,0.0,0
2023-05-07,2023,5,7,83,Male,80+,103.77,3
2023-02-18,2023,2,18,34,Female,30–39,0.0,0
2023-01-21,2023,1,21,87,Female,80+,0.0,0
2022-07-11,2022,7,11,55,Female,50–59,0.0,0
2022-10-04,2022,10,4,32,Female,30–39,0.0,0
2022-06-10,2022,6,10,50,Male,50–59,0.0,0
2023-04-05,2023,4,5,7,Male,0–17,102.81,1
2022-11-10,2022,11,10,8,Male,0–17,0.0,0
2022-01-22,2022,1,22,65,Female,60–69,0.0,0
2022-09-10,2022,9,10,57,Female,50–59,0.0,0
2023-07-15,2023,7,15,67,Female,60–69,0.0,0
2023-04-20,2023,4,20,88,Male,80+,0.0,0
2022-02-28,2022,2,28,87,Female,80+,53.84,3
2023-05-26,2023,5,26,59,Female,50–59,0.0,0
2023-11-13,2023,11,13,72,Male,70–79,0.0,0
2023-04-21,2023,4,21,54,Male,50–59,0.0,0
2023-12-01,2023,12,1,67,Female,60–69,0.0,0
2022-07-09,2022,7,9,51,Male,50–59,0.0,0
2023-11-18,2023,11,18,8,Female,0–17,81.86,2
2023-07-17,2023,7,17,34,Male,30–39,0.0,0
2023-07-21,2023,7,21,35,Male,30–39,0.0,0
2022-09-01,2022,9,1,88,Male,80+,71.16,3
2023-05-20,2023,5,20,78,Female,70–79,0.0,0
2022-05-11,2022,5,11,32,Female,30–39,0.0,0
2023-04-30,2023,4,30,46,Female,40–49,0.0,0
2023-10-09,2023,10,9,16,Male,0–17,0.0,0
2022-01-21,2022,1,21,68,Male,60–69,0.0,0
2022-06-16,2022,6,16,37,Male,30–39,0.0,0
2022-10-01,2022,10,1,54,Male,50–59,0.0,0
2023-01-23,2023,1,23,85,Female,80+,0.0,0
2023-08-24,2023,8,24,14,Female,0–17,0.0,0
2022-11-12,2022,11,12,55,Female,50–59,53.36,1
2022-01-14,2022,1,14,48,Male,40–49,0.0,0
2022-08-30,2022,8,30,82,Male,80+,0.0,0
2022-12-12,2022,12,12,7,Female,0–17,0.0,0
2023-07-19,2023,7,19,74,Male,70–79,0.0,0
2022-12-06,2022,12,6,7,Female,0–17,0.0,0
2022-04-02,2022,4,2,33,Male,30–39,0.0,0
2023-01-02,2023,1,2,23,Male,18–29,38.52,2
2023-03-31,2023,3,31,85,Female,80+,0.0,0
2023-03-04,2023,3,4,19,Female,18–29,0.0,0
2023-05-24,2023,5,24,19,Male,18–29,0.0,0
2022-02-04,2022,2,4,36,Female,30–39,0.0,0
2022-07-25,2022,7,25,29,Female,18–29,41.96,3
2022-03-22,2022,3,22,60,Male,60–69,0.0,0
2023-07-16,2023,7,16,82,Male,80+,79.07,2
2023-01-23,2023,1,23,2,Male,0–17,0.0,0
2022-01-02,2022,1,2,1,Female,0–17,106.6,1
2023-01-25,2023,1,25,47,Male,40–49,0.0,0
2023-07-20,2023,7,20,69,Male,60–69,122.53,3
2022-04-16,2022,4,16,20,Male,18–29,0.0,0
2023-04-22,2023,4,22,11,Male,0–17,0.0,0
2023-12-04,2023,12,4,2,Male,0–17,0.0,0
2023-02-06,2023,2,6,67,Female,60–69,0.0,0
2023-12-31,2023,12,31,87,Male,80+,0.0,0
2023-07-10,2023,7,10,12,Male,0–17,0.0,0
2022-06-11,2022,6,11,20,Female,18–29,0.0,0
2022-07-21,2022,7,21,5,Male,0–17,0.0,0
2022-09-27,2022,9,27,37,Male,30–39,0.0,0
2022-09-28,2022,9,28,38,Female,30–39,0.0,0
2023-04-01,2023,4,1,9,Male,0–17,0.0,0
2023-04-07,2023,4,7,53,Female,50–59,0.0,0
2023-12-28,2023,12,28,44,Male,40–49,0.0,0
2022-09-09,2022,9,9,86,Female,80+,68.12,3
2023-12-03,2023,12,3,24,Female,18–29,0.0,0
2022-10-23,2022,10,23,81,Male,80+,0.0,0
2023-12-26,2023,12,26,74,Female,70–79,0.0,0
2023-12-21,2023,12,21,30,Female,30–39,0.0,0
2022-12-04,2022,12,4,59,Male,50–59,37.64,3
2022-02-22,2022,2,22,87,Male,80+,0.0,0
2022-08-05,2022,8,5,81,Female,80+,0.0,0
2022-07-07,2022,7,7,81,Male,80+,0.0,0
2023-01-15,2023,1,15,14,Female,0–17,0.0,0
2023-05-08,2023,5,8,9,Female,0–17,0.0,0
2022-02-10,2022,2,10,40,Male,40–49,0.0,0
2022-06-06,2022,6,6,66,Male,60–69,0.0,0
2022-01-15,2022,1,15,25,Female,18–29,117.57,2
2022-03-06,2022,3,6,73,Male,70–79,0.0,0
2023-06-05,2023,6,5,22,Male,18–29,0.0,0
2022-12-10,2022,12,10,4,Female,0–17,0.0,0
2022-05-09,2022,5,9,26,Female,18–29,42.46,1
2023-10-10,2023,10,10,58,Female,50–59,0.0,0
2023-04-17,2023,4,17,29,Female,18–29,0.0,0
2022-03-04,2022,3,4,87,Female,80+,0.0,0
2022-05-19,2022,5,19,37,Female,30–39,0.0,0
2023-05-14,2023,5,14,75,Male,70–79,0.0,0
2023-08-16,2023,8,16,70,Female,70–79,0.0,0
2023-01-27,2023,1,27,18,Male,18–29,0.0,0
2023-11-06,2023,11,6,85,Male,80+,0.0,0
2023-02-23,2023,2,23,42,Female,40–49,0.0,0
2022-10-16,2022,10,16,41,Male,40–49,0.0,0
2023-01-14,2023,1,14,38,Female,30–39,0.0,0
2023-05-05,2023,5,5,34,Male,30–39,0.0,0
2022-08-19,2022,8,19,17,Female,0–17,0.0,0
2022-02-10,2022,2,10,37,Female,30–39,0.0,0
2022-01-28,2022,1,28,25,Female,18–29,0.0,0
2022-05-15,2022,5,15,76,Female,70–79,0.0,0
2022-07-20,2022,7,20,87,Male,80+,0.0,0
2022-02-02,2022,2,2,86,Male,80+,0.0,0
2022-02-17,2022,2,17,85,Male,80+,0.0,0
2023-05-18,2023,5,18,27,Male,18–29,0.0,0
2023-02-11,2023,2,11,57,Male,50–59,0.0,0
2023-07-28,2023,7,28,31,Female,30–39,0.0,0
2023-12-29,2023,12,29,6,Female,0–17,0.0,0
2022-04-09,2022,4,9,40,Female,40–49,0.0,0
2023-11-15,2023,11,15,12,Female,0–17,0.0,0
2023-12-27,2023,12,27,53,Female,50–59,0.0,0
2023-07-01,2023,7,1,71,Male,70–79,0.0,0
2023-09-05,2023,9,5,10,Female,0–17,0.0,0
2023-04-07,2023,4,7,45,Female,40–49,0.0,0
2023-10-05,2023,10,5,17,Male,0–17,0.0,0
2022-01-05,2022,1,5,26,Male,18–29,0.0,0
2022-08-06,2022,8,6,85,Female,80+,0.0,0
2023-05-18,2023,5,18,62,Female,60–69,0.0,0
2023-02-02,2023,2,2,46,Male,40–49,0.0,0
2023-01-28,2023,1,28,64,Female,60–69,0.0,0
2022-07-26,2022,7,26,2,Female,0–17,90.29,2
2022-01-15,2022,1,15,54,Female,50–59,0.0,0
2023-07-08,2023,7,8,65,Male,60–69,89.64,2
2023-04-06,2023,4,6,51,Female,50–59,0.0,0
2023-11-22,2023,11,22,53,Female,50–59,0.0,0
2023-07-29,2023,7,29,36,Male,30–39,0.0,0
2022-08-29,2022,8,29,26,Male,18–29,0.0,0
2023-07-18,2023,7,18,29,Male,18–29,0.0,0
2022-04-06,2022,4,6,21,Female,18–29,0.0,0
2023-04-30,2023,4,30,11,Male,0–17,0.0,0
2023-02-11,2023,2,11,40,Female,40–49,0.0,0
2022-08-19,2022,8,19,11,Male,0–17,0.0,0
2023-10-17,2023,10,17,36,Female,30–39,51.91,2
2022-06-20,2022,6,20,59,Male,50–59,0.0,0
2023-06-25,2023,6,25,39,Female,30–39,0.0,0
2022-02-05,2022,2,5,54,Female,50–59,0.0,0
2023-06-09,2023,6,9,55,Male,50–59,0.0,0
2022-06-09,2022,6,9,24,Male,18–29,0.0,0
2023-11-30,2023,11,30,22,Female,18–29,74.06,2
2022-08-31,2022,8,31,69,Male,60–69,0.0,0
2022-03-27,2022,3,27,56,Female,50–59,0.0,0
2023-08-01,2023,8,1,33,Male,30–39,77.95,1
2023-11-13,2023,11,13,36,Male,30–39,53.26,3
2023-07-11,2023,7,11,20,Female,18–29,0.0,0
2023-07-28,2023,7,28,83,Male,80+,0.0,0
2023-10-08,2023,10,8,81,Male,80+,91.68,2
2022-01-28,2022,1,28,62,Female,60–69,0.0,0
2023-09-12,2023,9,12,73,Female,70–79,0.0,0
2023-07-10,2023,7,10,26,Male,18–29,0.0,0
2022-12-06,2022,12,6,66,Female,60–69,0.0,0
2022-11-27,2022,11,27,73,Male,70–79,0.0,0
2023-10-02,2023,10,2,73,Male,70–79,110.37,1
2023-05-21,2023,5,21,40,Female,40–49,0.0,0
2022-12-14,2022,12,14,17,Female,0–17,0.0,0
2023-04-18,2023,4,18,1,Female,0–17,0.0,0
2022-08-19,2022,8,19,89,Female,80+,0.0,0
2022-07-09,2022,7,9,61,Female,60–69,0.0,0
2022-08-13,2022,8,13,43,Female,40–49,48.49,1
2023-01-20,2023,1,20,42,Male,40–49,0.0,0
2023-01-12,2023,1,12,25,Male,18–29,0.0,0
2022-10-10,2022,10,10,39,Female,30–39,0.0,0
2023-09-25,2023,9,25,35,Male,30–39,0.0,0
2023-09-20,2023,9,20,3,Male,0–17,0.0,0
2022-09-16,2022,9,16,44,Male,40–49,69.39,1
2022-12-25,2022,12,25,51,Male,50–59,0.0,0
2023-12-11,2023,12,11,12,Female,0–17,0.0,0
2023-04-01,2023,4,1,19,Male,18–29,0.0,0
2023-02-15,2023,2,15,44,Male,40–49,0.0,0
2023-10-11,2023,10,11,59,Female,50–59,74.0,3
2022-11-14,2022,11,14,49,Female,40–49,115.91,3
2023-11-08,2023,11,8,61,Female,60–69,0.0,0
2022-08-13,2022,8,13,17,Female,0–17,0.0,0
2022-08-22,2022,8,22,74,Male,70–79,0.0,0
2023-11-15,2023,11,15,57,Female,50–59,0.0,0
2023-10-26,2023,10,26,55,Male,50–59,0.0,0
2023-01-09,2023,1,9,47,Male,40–49,0.0,0
2023-11-03,2023,11,3,12,Female,0–17,0.0,0
2023-08-31,2023,8,31,62,Female,60–69,0.0,0
2023-04-17,2023,4,17,80,Female,80+,0.0,0
2022-08-21,2022,8,21,88,Female,80+,0.0,0
2023-11-23,2023,11,23,83,Female,80+,0.0,0
2022-04-23,2022,4,23,8,Female,0–17,0.0,0
2023-05-12,2023,5,12,21,Male,18–29,0.0,0
2023-03-18,2023,3,18,81,Male,80+,47.66,2
2023-07-18,2023,7,18,87,Male,80+,0.0,0
2022-09-25,2022,9,25,80,Male,80+,0.0,0
2023-05-25,2023,5,25,70,Female,70–79,0.0,0
2023-01-21,2023,1,21,72,Female,70–79,0.0,0
2023-01-22,2023,1,22,25,Male,18–29,120.28,2
2022-04-23,2022,4,23,82,Male,80+,0.0,0
2023-09-05,2023,9,5,89,Male,80+,0.0,0
2023-09-17,2023,9,17,12,Female,0–17,0.0,0
2022-03-22,2022,3,22,15,Female,0–17,0.0,0
2023-11-30,2023,11,30,59,Female,50–59,0.0,0
2022-04-23,2022,4,23,26,Male,18–29,0.0,0
2022-01-02,2022,1,2,26,Male,18–29,0.0,0
2023-10-04,2023,10,4,47,Female,40–49,0.0,0
2022-08-08,2022,8,8,32,Female,30–39,86.84,1
2023-07-20,2023,7,20,10,Male,0–17,0.0,0
2022-08-13,2022,8,13,16,Male,0–17,0.0,0
2023-01-20,2023,1,20,71,Female,70–79,0.0,0
2023-02-07,2023,2,7,17,Male,0–17,117.08,2
2023-09-30,2023,9,30,23,Female,18–29,0.0,0
2022-05-10,2022,5,10,26,Female,18–29,0.0,0
2022-02-22,2022,2,22,85,Male,80+,0.0,0
2023-11-15,2023,11,15,86,Male,80+,0.0,0
2023-12-31,2023,12,31,7,Male,0–17,0.0,0
2023-11-03,2023,11,3,14,Female,0–17,0.0,0
2023-12-11,2023,12,11,79,Male,70–79,0.0,0
2023-02-20,2023,2,20,7,Male,0–17,0.0,0
2022-09-04,2022,9,4,9,Female,0–17,0.0,0
2023-03-15,2023,3,15,48,Female,40–49,0.0,0
2022-07-22,2022,7,22,72,Male,70–79,0.0,0
2022-07-03,2022,7,3,59,Female,50–59,0.0,0
2022-05-03,2022,5,3,87,Female,80+,0.0,0
2023-02-05,2023,2,5,82,Female,80+,0.0,0
2022-10-21,2022,10,21,39,Male,30–39,55.25,2
2022-10-07,2022,10,7,18,Male,18–29,89.96,2
2023-09-02,2023,9,2,59,Female,50–59,0.0,0
2022-07-17,2022,7,17,17,Female,0–17,118.0,3
2023-05-26,2023,5,26,14,Female,0–17,40.52,2
2022-05-24,2022,5,24,31,Male,30–39,0.0,0
2023-09-01,2023,9,1,24,Female,18–29,0.0,0
2022-07-20,2022,7,20,60,Female,60–69,0.0,0
2022-05-04,2022,5,4,45,Male,40–49,0.0,0
2022-07-06,2022,7,6,3,Female,0–17,0.0,0
2022-11-22,2022,11,22,37,Male,30–39,0.0,0
2023-04-09,2023,4,9,43,Male,40–49,0.0,0
2022-12-15,2022,12,15,40,Male,40–49,0.0,0
2023-10-22,2023,10,22,90,Female,80+,0.0,0
2023-02-07,2023,2,7,55,Female,50–59,0.0,0
2022-12-12,2022,12,12,87,Male,80+,0.0,0
2023-05-26,2023,5,26,39,Female,30–39,0.0,0
2022-05-27,2022,5,27,15,Male,0–17,0.0,0
2022-05-28,2022,5,28,4,Female,0–17,0.0,0
2023-12-12,2023,12,12,86,Male,80+,0.0,0
2023-05-04,2023,5,4,25,Male,18–29,47.64,3
2023-10-02,2023,10,2,13,Female,0–17,0.0,0
2023-07-05,2023,7,5,82,Female,80+,0.0,0
2022-12-04,2022,12,4,33,Female,30–39,0.0,0
2023-10-03,2023,10,3,16,Female,0–17,0.0,0
2023-04-18,2023,4,18,42,Male,40–49,0.0,0
2022-05-31,2022,5,31,66,Male,60–69,54.08,3
2023-02-19,2023,2,19,55,Female,50–59,0.0,0
2022-10-25,2022,10,25,42,Female,40–49,0.0,0
2023-09-03,2023,9,3,34,Male,30–39,0.0,0
2022-09-20,2022,9,20,30,Female,30–39,72.14,3
2022-05-24,2022,5,24,13,Female,0–17,0.0,0
2022-12-12,2022,12,12,13,Female,0–17,0.0,0
2023-09-16,2023,9,16,18,Female,18–29,0.0,0
2023-07-26,2023,7,26,32,Male,30–39,0.0,0
2022-01-02,2022,1,2,39,Male,30–39,0.0,0
2022-10-31,2022,10,31,46,Female,40–49,0.0,0
2022-09-11,2022,9,11,29,Male,18–29,0.0,0
2023-10-14,2023,10,14,62,Female,60–69,0.0,0
2023-03-29,2023,3,29,62,Female,60–69,0.0,0
2022-02-06,2022,2,6,57,Female,50–59,0.0,0
2022-06-09,2022,6,9,16,Male,0–17,0.0,0
2022-01-09,2022,1,9,56,Male,50–59,0.0,0
2022-08-21,2022,8,21,10,Male,0–17,0.0,0
2022-04-09,2022,4,9,30,Male,30–39,0.0,0
2023-10-21,2023,10,21,25,Male,18–29,0.0,0
2022-07-27,2022,7,27,84,Female,80+,0.0,0
2022-05-11,2022,5,11,5,Female,0–17,0.0,0
2023-02-08,2023,2,8,65,Male,60–69,76.7,2
2022-06-01,2022,6,1,49,Male,40–49,0.0,0
2022-02-23,2022,2,23,3,Male,0–17,0.0,0
2022-04-30,2022,4,30,45,Female,40–49,0.0,0
2023-11-04,2023,11,4,14,Male,0–17,0.0,0
2023-09-20,2023,9,20,30,Female,30–39,0.0,0
2023-08-10,2023,8,10,68,Female,60–69,0.0,0
2023-09-17,2023,9,17,18,Male,18–29,0.0,0
2023-02-24,2023,2,24,62,Female,60–69,0.0,0
2023-02-26,2023,2,26,37,Female,30–39,0.0,0
2022-04-14,2022,4,14,25,Male,18–29,0.0,0
2022-09-11,2022,9,11,48,Female,40–49,43.88,2
2022-08-15,2022,8,15,65,Male,60–69,38.52,2
2022-04-22,2022,4,22,53,Female,50–59,105.71,1
2023-05-25,2023,5,25,79,Male,70–79,44.86,3
2023-04-18,2023,4,18,73,Male,70–79,0.0,0
2022-04-09,2022,4,9,15,Female,0–17,0.0,0
2022-06-02,2022,6,2,49,Male,40–49,0.0,0
2022-12-04,2022,12,4,88,Female,80+,0.0,0
2023-12-07,2023,12,7,68,Female,60–69,0.0,0
2022-06-12,2022,6,12,12,Male,0–17,0.0,0
2023-12-21,2023,12,21,59,Female,50–59,0.0,0
2023-11-12,2023,11,12,37,Male,30–39,0.0,0
2022-06-10,2022,6,10,61,Female,60–69,40.47,2
2023-08-03,2023,8,3,43,Female,40–49,48.82,2
2023-02-02,2023,2,2,70,Male,70–79,0.0,0
2022-10-04,2022,10,4,39,Female,30–39,0.0,0
2023-05-19,2023,5,19,56,Female,50–59,84.28,2
2023-01-27,2023,1,27,63,Female,60–69,0.0,0
2022-05-15,2022,5,15,46,Female,40–49,0.0,0
2022-07-14,2022,7,14,88,Female,80+,0.0,0
2023-02-05,2023,2,5,11,Female,0–17,0.0,0
2023-10-02,2023,10,2,62,Female,60–69,0.0,0
2022-02-02,2022,2,2,77,Female,70–79,0.0,0
2023-11-19,2023,11,19,25,Male,18–29,0.0,0
2023-04-05,2023,4,5,71,Female,70–79,60.07,2
2023-04-15,2023,4,15,52,Female,50–59,0.0,0
2023-01-10,2023,1,10,4,Male,0–17,0.0,0
2022-01-22,2022,1,22,59,Male,50–59,0.0,0
2023-11-01,2023,11,1,72,Male,70–79,0.0,0
2022-02-07,2022,2,7,20,Female,18–29,0.0,0
2022-08-18,2022,8,18,63,Male,60–69,0.0,0
2022-12-31,2022,12,31,54,Male,50–59,0.0,0
2023-07-17,2023,7,17,74,Female,70–79,0.0,0
2023-03-14,2023,3,14,57,Female,50–59,120.55,2
2022-10-10,2022,10,10,90,Male,80+,0.0,0
2022-01-27,2022,1,27,41,Male,40–49,0.0,0
2022-08-14,2022,8,14,3,Female,0–17,0.0,0
2022-10-04,2022,10,4,6,Female,0–17,0.0,0
2023-09-01,2023,9,1,5,Female,0–17,0.0,0
2022-10-11,2022,10,11,5,Female,0–17,0.0,0
2023-04-26,2023,4,26,54,Female,50–59,0.0,0
2023-03-29,2023,3,29,47,Male,40–49,0.0,0
2023-10-21,2023,10,21,87,Female,80+,0.0,0
2023-05-31,2023,5,31,49,Female,40–49,81.02,2
2023-07-01,2023,7,1,9,Female,0–17,0.0,0
2022-07-11,2022,7,11,20,Female,18–29,0.0,0
2022-02-18,2022,2,18,61,Female,60–69,0.0,0
2023-05-27,2023,5,27,35,Male,30–39,0.0,0
2022-01-17,2022,1,17,50,Female,50–59,0.0,0
2022-06-21,2022,6,21,82,Male,80+,0.0,0
2022-08-08,2022,8,8,62,Female,60–69,0.0,0
2022-06-07,2022,6,7,17,Male,0–17,0.0,0
2023-04-22,2023,4,22,88,Male,80+,0.0,0
2022-02-15,2022,2,15,3,Female,0–17,0.0,0
2023-01-08,2023,1,8,32,Female,30–39,47.41,2
2023-06-02,2023,6,2,13,Female,0–17,0.0,0
2022-04-09,2022,4,9,89,Female,80+,0.0,0
2022-02-06,2022,2,6,73,Female,70–79,79.53,2
2022-10-07,2022,10,7,68,Male,60–69,0.0,0
2022-12-15,2022,12,15,14,Female,0–17,0.0,0
2023-05-12,2023,5,12,11,Female,0–17,0.0,0
2022-10-29,2022,10,29,56,Male,50–59,87.09,3
2022-06-30,2022,6,30,67,Female,60–69,0.0,0
2023-08-30,2023,8,30,29,Male,18–29,49.08,3
2022-04-09,2022,4,9,9,Female,0–17,0.0,0
2023-12-01,2023,12,1,67,Male,60–69,0.0,0
2022-04-26,2022,4,26,25,Female,18–29,0.0,0
2022-07-10,2022,7,10,76,Male,70–79,0.0,0
2022-09-10,2022,9,10,42,Male,40–49,0.0,0
2022-06-10,2022,6,10,9,Female,0–17,0.0,0
2022-09-13,2022,9,13,79,Female,70–79,0.0,0
2022-11-19,2022,11,19,40,Female,40–49,0.0,0
2022-05-08,2022,5,8,25,Male,18–29,0.0,0
2022-01-18,2022,1,18,5,Male,0–17,0.0,0
2023-07-20,2023,7,20,11,Male,0–17,0.0,0
2023-07-24,2023,7,24,59,Female,50–59,0.0,0
2022-11-19,2022,11,19,88,Female,80+,0.0,0
2023-11-17,2023,11,17,79,Male,70–79,0.0,0
2023-09-18,2023,9,18,38,Female,30–39,0.0,0
2022-10-15,2022,10,15,72,Male,70–79,90.29,1
2023-10-25,2023,10,25,5,Female,0–17,0.0,0
2023-10-01,2023,10,1,48,Female,40–49,0.0,0
2022-06-04,2022,6,4,90,Male,80+,0.0,0
2023-05-05,2023,5,5,18,Female,18–29,0.0,0
2023-01-21,2023,1,21,70,Female,70–79,0.0,0
2022-04-14,2022,4,14,37,Female,30–39,0.0,0
2023-01-28,2023,1,28,60,Female,60–69,0.0,0
2022-09-03,2022,9,3,48,Female,40–49,0.0,0
2022-06-25,2022,6,25,77,Male,70–79,0.0,0
2022-02-08,2022,2,8,28,Female,18–29,0.0,0
2023-04-22,2023,4,22,69,Male,60–69,103.4,2
2023-11-13,2023,11,13,77,Female,70–79,0.0,0
2023-06-22,2023,6,22,81,Female,80+,0.0,0
2023-02-12,2023,2,12,40,Male,40–49,0.0,0
2023-06-09,2023,6,9,45,Male,40–49,43.14,2
2023-05-21,2023,5,21,62,Female,60–69,0.0,0
2022-02-05,2022,2,5,58,Female,50–59,0.0,0
2023-11-16,2023,11,16,67,Male,60–69,89.16,2
2022-01-20,2022,1,20,56,Male,50–59,0.0,0
2022-11-17,2022,11,17,40,Male,40–49,0.0,0
2023-05-27,2023,5,27,40,Male,40–49,0.0,0
2023-02-04,2023,2,4,77,Female,70–79,0.0,0
2023-10-16,2023,10,16,33,Female,30–39,0.0,0
2023-04-16,2023,4,16,6,Female,0–17,0.0,0
2022-05-23,2022,5,23,88,Female,80+,0.0,0
2022-04-02,2022,4,2,19,Female,18–29,0.0,0
2022-12-20,2022,12,20,80,Male,80+,94.48,2
2023-12-28,2023,12,28,40,Male,40–49,0.0,0
2022-02-20,2022,2,20,59,Male,50–59,0.0,0
2023-10-27,2023,10,27,59,Female,50–59,0.0,0
2023-11-29,2023,11,29,48,Male,40–49,0.0,0
2023-07-29,2023,7,29,41,Female,40–49,0.0,0
2022-07-09,2022,7,9,13,Female,0–17,0.0,0
2022-05-05,2022,5,5,45,Female,40–49,0.0,0
2022-05-30,2022,5,30,89,Male,80+,0.0,0
2022-11-10,2022,11,10,53,Female,50–59,50.55,1
2023-07-24,2023,7,24,42,Female,40–49,0.0,0
2022-12-08,2022,12,8,63,Male,60–69,0.0,0
2022-11-01,2022,11,1,27,Female,18–29,0.0,0
2023-11-23,2023,11,23,38,Male,30–39,0.0,0
2023-11-13,2023,11,13,60,Female,60–69,0.0,0
2022-02-23,2022,2,23,7,Male,0–17,0.0,0
2023-03-20,2023,3,20,5,Female,0–17,0.0,0
2023-09-05,2023,9,5,45,Female,40–49,0.0,0
2022-09-21,2022,9,21,58,Male,50–59,69.71,1
2022-02-22,2022,2,22,31,Female,30–39,0.0,0
2023-07-26,2023,7,26,23,Male,18–29,0.0,0
2023-09-12,2023,9,12,42,Female,40–49,0.0,0
2022-01-05,2022,1,5,10,Male,0–17,0.0,0
2022-04-13,2022,4,13,32,Female,30–39,0.0,0
2022-07-15,2022,7,15,53,Female,50–59,0.0,0
2022-12-16,2022,12,16,30,Female,30–39,0.0,0
2022-02-16,2022,2,16,39,Male,30–39,0.0,0
2023-10-18,2023,10,18,31,Male,30–39,0.0,0
2022-09-26,2022,9,26,82,Male,80+,0.0,0
2023-01-05,2023,1,5,2,Male,0–17,0.0,0
2023-09-28,2023,9,28,78,Male,70–79,0.0,0
2022-04-16,2022,4,16,77,Female,70–79,0.0,0
2023-11-01,2023,11,1,12,Female,0–17,0.0,0
2023-10-21,2023,10,21,39,Female,30–39,0.0,0
2023-10-19,2023,10,19,66,Female,60–69,0.0,0
2022-04-30,2022,4,30,13,Female,0–17,0.0,0
2023-08-27,2023,8,27,46,Male,40–49,0.0,0
2022-02-27,2022,2,27,27,Female,18–29,0.0,0
2022-12-12,2022,12,12,17,Male,0–17,0.0,0
2023-04-19,2023,4,19,60,Female,60–69,78.8,1
2022-04-27,2022,4,27,64,Male,60–69,0.0,0
2022-05-07,2022,5,7,88,Male,80+,0.0,0
2023-01-28,2023,1,28,35,Male,30–39,0.0,0
2023-10-03,2023,10,3,70,Female,70–79,0.0,0
2022-02-27,2022,2,27,83,Female,80+,0.0,0
2023-09-26,2023,9,26,30,Female,30–39,0.0,0
2023-05-28,2023,5,28,71,Female,70–79,0.0,0
2022-04-06,2022,4,6,74,Male,70–79,0.0,0
2023-09-30,2023,9,30,63,Male,60–69,0.0,0
2022-04-28,2022,4,28,28,Male,18–29,0.0,0
2023-07-14,2023,7,14,60,Male,60–69,0.0,0
2023-08-24,2023,8,24,79,Female,70–79,0.0,0
2023-05-03,2023,5,3,37,Male,30–39,0.0,0
2022-08-25,2022,8,25,22,Female,18–29,0.0,0
2022-09-29,2022,9,29,68,Male,60–69,0.0,0
2022-07-08,2022,7,8,20,Male,18–29,0.0,0
2023-12-05,2023,12,5,68,Male,60–69,0.0,0
2023-03-23,2023,3,23,64,Female,60–69,0.0,0
2023-08-04,2023,8,4,17,Female,0–17,0.0,0
2022-09-04,2022,9,4,12,Male,0–17,0.0,0
2022-03-17,2022,3,17,22,Male,18–29,0.0,0
2022-06-03,2022,6,3,17,Male,0–17,0.0,0
2023-10-18,2023,10,18,10,Female,0–17,0.0,0
2023-03-11,2023,3,11,65,Female,60–69,0.0,0
2022-03-27,2022,3,27,22,Female,18–29,0.0,0
2023-11-28,2023,11,28,90,Male,80+,0.0,0
2022-10-12,2022,10,12,82,Female,80+,0.0,0
2022-08-08,2022,8,8,50,Male,50–59,0.0,0
2022-03-10,2022,3,10,14,Female,0–17,0.0,0
2022-02-16,2022,2,16,64,Male,60–69,0.0,0
2022-04-04,2022,4,4,47,Male,40–49,0.0,0
2023-03-29,2023,3,29,29,Female,18–29,0.0,0
2022-07-23,2022,7,23,76,Male,70–79,0.0,0
2022-08-06,2022,8,6,36,Male,30–39,128.95,1
2023-04-19,2023,4,19,52,Male,50–59,0.0,0
2023-03-08,2023,3,8,76,Female,70–79,0.0,0
2022-12-07,2022,12,7,7,Male,0–17,0.0,0
2023-07-05,2023,7,5,29,Female,18–29,0.0,0
2023-09-04,2023,9,4,11,Female,0–17,0.0,0
2022-10-16,2022,10,16,33,Male,30–39,117.38,2
2022-09-11,2022,9,11,6,Female,0–17,0.0,0
2022-12-23,2022,12,23,79,Male,70–79,0.0,0
2022-01-23,2022,1,23,32,Female,30–39,70.53,1
2023-06-06,2023,6,6,51,Male,50–59,0.0,0
2022-04-10,2022,4,10,75,Female,70–79,64.8,1
2022-06-29,2022,6,29,58,Male,50–59,0.0,0
2022-08-11,2022,8,11,87,Male,80+,0.0,0
2023-10-21,2023,10,21,26,Male,18–29,0.0,0
2023-03-18,2023,3,18,46,Male,40–49,0.0,0
2023-08-31,2023,8,31,29,Female,18–29,0.0,0
2022-11-21,2022,11,21,4,Female,0–17,137.18,1
2023-05-31,2023,5,31,81,Male,80+,0.0,0
2022-01-16,2022,1,16,13,Female,0–17,0.0,0
2022-12-02,2022,12,2,39,Male,30–39,0.0,0
2022-09-15,2022,9,15,15,Male,0–17,0.0,0
2023-05-12,2023,5,12,29,Female,18–29,0.0,0
2022-06-09,2022,6,9,29,Female,18–29,48.08,2
2023-04-20,2023,4,20,75,Male,70–79,0.0,0
2023-10-26,2023,10,26,32,Female,30–39,0.0,0
2023-11-21,2023,11,21,2,Male,0–17,0.0,0
2023-11-06,2023,11,6,47,Female,40–49,0.0,0
2023-01-15,2023,1,15,78,Female,70–79,0.0,0
2023-06-29,2023,6,29,84,Female,80+,0.0,0
2023-11-22,2023,11,22,22,Female,18–29,0.0,0
2023-03-03,2023,3,3,75,Female,70–79,0.0,0
2023-09-05,2023,9,5,27,Male,18–29,0.0,0
2022-09-25,2022,9,25,67,Female,60–69,0.0,0
2023-07-31,2023,7,31,81,Female,80+,42.68,2
2023-02-21,2023,2,21,56,Male,50–59,0.0,0
2022-06-17,2022,6,17,21,Male,18–29,0.0,0
2022-02-12,2022,2,12,47,Male,40–49,0.0,0
2023-07-10,2023,7,10,80,Female,80+,0.0,0
2022-10-12,2022,10,12,59,Female,50–59,0.0,0
2023-02-01,2023,2,1,84,Male,80+,52.36,2
2022-01-12,2022,1,12,6,Male,0–17,0.0,0
2023-08-30,2023,8,30,19,Male,18–29,0.0,0
2022-10-29,2022,10,29,57,Male,50–59,0.0,0
2022-09-10,2022,9,10,69,Female,60–69,0.0,0
2023-05-14,2023,5,14,3,Female,0–17,0.0,0
2022-02-04,2022,2,4,1,Female,0–17,0.0,0
2023-12-28,2023,12,28,58,Female,50–59,0.0,0
2022-03-31,2022,3,31,38,Female,30–39,0.0,0
2023-08-28,2023,8,28,15,Male,0–17,0.0,0
2023-08-25,2023,8,25,34,Female,30–39,0.0,0
2023-02-22,2023,2,22,61,Male,60–69,0.0,0
2022-04-25,2022,4,25,35,Male,30–39,0.0,0
2023-09-09,2023,9,9,64,Male,60–69,0.0,0
2022-07-15,2022,7,15,25,Female,18–29,0.0,0
2023-05-16,2023,5,16,24,Male,18–29,0.0,0
2023-09-18,2023,9,18,12,Female,0–17,0.0,0
2023-05-08,2023,5,8,18,Male,18–29,0.0,0
2022-03-16,2022,3,16,15,Female,0–17,0.0,0
2023-02-17,2023,2,17,80,Male,80+,0.0,0
2023-01-11,2023,1,11,27,Female,18–29,0.0,0
2023-02-24,2023,2,24,72,Male,70–79,101.61,1
2023-12-30,2023,12,30,60,Male,60–69,0.0,0
2022-10-04,2022,10,4,46,Male,40–49,46.38,3
2023-11-07,2023,11,7,89,Male,80+,60.61,2
2023-01-29,2023,1,29,17,Female,0–17,0.0,0
2023-04-02,2023,4,2,53,Female,50–59,57.62,3
2022-07-11,2022,7,11,8,Female,0–17,0.0,0
2023-11-20,2023,11,20,79,Male,70–79,0.0,0
2022-04-09,2022,4,9,27,Male,18–29,0.0,0
2023-07-02,2023,7,2,46,Male,40–49,0.0,0
2022-04-06,2022,4,6,50,Male,50–59,0.0,0
2023-10-26,2023,10,26,71,Male,70–79,0.0,0
2023-10-25,2023,10,25,3,Male,0–17,0.0,0
2022-07-09,2022,7,9,64,Female,60–69,0.0,0
2022-02-06,2022,2,6,44,Female,40–49,0.0,0
2023-01-04,2023,1,4,53,Female,50–59,0.0,0
2023-11-26,2023,11,26,24,Female,18–29,0.0,0
2023-06-09,2023,6,9,60,Female,60–69,0.0,0
2022-10-06,2022,10,6,3,Female,0–17,58.99,1
2022-08-05,2022,8,5,20,Female,18–29,0.0,0
2022-09-30,2022,9,30,46,Female,40–49,0.0,0
2022-03-03,2022,3,3,15,Male,0–17,0.0,0
2023-08-19,2023,8,19,25,Male,18–29,0.0,0
2023-12-30,2023,12,30,78,Male,70–79,0.0,0
2022-12-08,2022,12,8,71,Male,70–79,0.0,0
2023-02-01,2023,2,1,17,Male,0–17,0.0,0
2023-11-30,2023,11,30,84,Male,80+,0.0,0
2022-01-19,2022,1,19,9,Male,0–17,0.0,0
2022-06-26,2022,6,26,38,Female,30–39,81.52,1
2023-09-04,2023,9,4,48,Female,40–49,0.0,0
2023-01-31,2023,1,31,60,Male,60–69,98.09,1
2023-03-21,2023,3,21,63,Female,60–69,0.0,0
2022-08-21,2022,8,21,86,Female,80+,0.0,0
2022-03-17,2022,3,17,2,Female,0–17,0.0,0
2022-09-22,2022,9,22,88,Female,80+,81.4,2
2023-03-31,2023,3,31,72,Female,70–79,0.0,0
2023-12-19,2023,12,19,11,Male,0–17,0.0,0
2023-01-19,2023,1,19,64,Female,60–69,90.14,2
2023-07-18,2023,7,18,77,Male,70–79,0.0,0
2023-05-21,2023,5,21,81,Male,80+,0.0,0
2023-01-02,2023,1,2,72,Male,70–79,0.0,0
2022-05-24,2022,5,24,21,Female,18–29,60.27,2
2022-03-10,2022,3,10,18,Male,18–29,0.0,0
2022-04-09,2022,4,9,64,Male,60–69,0.0,0
2023-01-31,2023,1,31,82,Male,80+,0.0,0
2022-01-25,2022,1,25,38,Male,30–39,0.0,0
2023-04-14,2023,4,14,32,Female,30–39,0.0,0
2023-04-29,2023,4,29,11,Male,0–17,0.0,0
2023-07-19,2023,7,19,45,Male,40–49,0.0,0
2022-05-31,2022,5,31,89,Male,80+,0.0,0
2022-05-24,2022,5,24,33,Male,30–39,0.0,0
2023-07-23,2023,7,23,41,Female,40–49,0.0,0
2022-02-08,2022,2,8,8,Male,0–17,0.0,0
2022-04-19,2022,4,19,11,Male,0–17,59.86,3
2023-11-24,2023,11,24,86,Male,80+,0.0,0
2022-02-11,2022,2,11,51,Male,50–59,0.0,0
2022-07-05,2022,7,5,88,Male,80+,0.0,0
2023-02-02,2023,2,2,41,Male,40–49,0.0,0
2022-08-11,2022,8,11,17,Female,0–17,0.0,0
2023-09-26,2023,9,26,76,Male,70–79,41.49,3
2022-05-13,2022,5,13,46,Female,40–49,0.0,0
2022-06-12,2022,6,12,32,Female,30–39,0.0,0
2022-08-03,2022,8,3,79,Male,70–79,0.0,0
2022-08-23,2022,8,23,80,Female,80+,0.0,0
2023-10-20,2023,10,20,54,Male,50–59,0.0,0
2023-08-11,2023,8,11,86,Female,80+,0.0,0
2022-01-09,2022,1,9,20,Male,18–29,0.0,0
2022-03-15,2022,3,15,33,Female,30–39,0.0,0
2023-05-07,2023,5,7,74,Female,70–79,0.0,0
2022-09-10,2022,9,10,40,Male,40–49,0.0,0
2022-08-18,2022,8,18,32,Female,30–39,0.0,0
2023-06-03,2023,6,3,2,Female,0–17,0.0,0
2022-06-23,2022,6,23,33,Female,30–39,121.35,2
2023-10-15,2023,10,15,77,Female,70–79,0.0,0
2022-06-17,2022,6,17,30,Female,30–39,0.0,0
2022-06-19,2022,6,19,33,Male,30–39,38.79,2
2023-01-28,2023,1,28,77,Female,70–79,0.0,0
2023-09-26,2023,9,26,26,Female,18–29,0.0,0
2022-07-13,2022,7,13,22,Male,18–29,0.0,0
2023-06-01,2023,6,1,66,Male,60–69,0.0,0
2022-01-29,2022,1,29,38,Male,30–39,0.0,0
2022-06-14,2022,6,14,90,Female,80+,48.51,2
2023-02-26,2023,2,26,46,Female,40–49,0.0,0
2022-12-05,2022,12,5,15,Female,0–17,61.59,1
2023-10-10,2023,10,10,44,Female,40–49,0.0,0
2023-05-11,2023,5,11,49,Male,40–49,0.0,0
2022-12-31,2022,12,31,75,Male,70–79,102.69,1
2022-12-08,2022,12,8,61,Female,60–69,0.0,0
2023-05-15,2023,5,15,67,Female,60–69,0.0,0
2023-10-19,2023,10,19,6,Female,0–17,0.0,0
2023-05-26,2023,5,26,9,Female,0–17,0.0,0
2022-11-23,2022,11,23,6,Male,0–17,0.0,0
2022-08-05,2022,8,5,73,Male,70–79,0.0,0
2022-10-28,2022,10,28,32,Female,30–39,0.0,0
2022-05-12,2022,5,12,41,Male,40–49,0.0,0
2022-03-11,2022,3,11,76,Female,70–79,0.0,0
2022-09-09,2022,9,9,8,Female,0–17,0.0,0
2023-02-19,2023,2,19,72,Male,70–79,0.0,0
2023-03-21,2023,3,21,50,Female,50–59,0.0,0
2022-07-01,2022,7,1,62,Male,60–69,0.0,0
2022-06-16,2022,6,16,84,Female,80+,0.0,0
2022-04-01,2022,4,1,62,Male,60–69,46.49,2
2023-12-15,2023,12,15,7,Female,0–17,0.0,0
2023-06-15,2023,6,15,75,Male,70–79,92.49,3
2022-02-08,2022,2,8,84,Female,80+,114.36,3
2022-05-06,2022,5,6,80,Female,80+,0.0,0
2023-03-27,2023,3,27,4,Male,0–17,0.0,0
2022-06-22,2022,6,22,6,Female,0–17,0.0,0
2023-10-15,2023,10,15,58,Male,50–59,0.0,0
2022-08-08,2022,8,8,22,Male,18–29,0.0,0
2023-09-30,2023,9,30,26,Female,18–29,0.0,0
2022-02-27,2022,2,27,3,Female,0–17,38.52,3
2023-10-22,2023,10,22,41,Female,40–49,0.0,0
2023-04-21,2023,4,21,60,Female,60–69,0.0,0
2023-04-01,2023,4,1,14,Male,0–17,0.0,0
2022-12-27,2022,12,27,75,Female,70–79,0.0,0
2022-01-01,2022,1,1,82,Female,80+,0.0,0
2023-01-22,2023,1,22,12,Female,0–17,0.0,0
2022-12-14,2022,12,14,87,Male,80+,56.35,2
2022-07-09,2022,7,9,12,Female,0–17,0.0,0
2023-05-20,2023,5,20,13,Male,0–17,87.47,2
2022-07-10,2022,7,10,25,Female,18–29,0.0,0
2023-05-23,2023,5,23,45,Male,40–49,0.0,0
2023-01-04,2023,1,4,19,Female,18–29,78.38,2
2023-02-13,2023,2,13,55,Female,50–59,0.0,0
2022-04-27,2022,4,27,45,Male,40–49,0.0,0
2022-05-14,2022,5,14,8,Female,0–17,51.86,3
2022-02-27,2022,2,27,53,Female,50–59,0.0,0
2023-07-10,2023,7,10,55,Female,50–59,0.0,0
2023-11-16,2023,11,16,32,Male,30–39,0.0,0
2023-11-03,2023,11,3,51,Female,50–59,0.0,0
2022-06-22,2022,6,22,44,Male,40–49,89.33,3
2022-05-29,2022,5,29,82,Male,80+,0.0,0
2022-03-21,2022,3,21,70,Male,70–79,0.0,0
2022-08-01,2022,8,1,18,Female,18–29,0.0,0
2022-07-22,2022,7,22,83,Male,80+,0.0,0
2022-08-17,2022,8,17,22,Male,18–29,0.0,0
2023-11-07,2023,11,7,37,Female,30–39,86.21,3
2022-08-15,2022,8,15,56,Male,50–59,0.0,0
2023-10-21,2023,10,21,59,Male,50–59,0.0,0
2023-06-16,2023,6,16,3,Female,0–17,0.0,0
2023-03-17,2023,3,17,28,Female,18–29,0.0,0
2023-02-06,2023,2,6,74,Male,70–79,0.0,0
2022-02-16,2022,2,16,35,Female,30–39,0.0,0
2022-08-21,2022,8,21,61,Female,60–69,0.0,0
2022-11-01,2022,11,1,54,Female,50–59,0.0,0
2023-06-10,2023,6,10,63,Male,60–69,0.0,0
2022-05-23,2022,5,23,79,Male,70–79,0.0,0
2023-02-19,2023,2,19,7,Female,0–17,0.0,0
2023-05-28,2023,5,28,76,Male,70–79,0.0,0
2023-01-08,2023,1,8,49,Female,40–49,0.0,0
2023-07-20,2023,7,20,85,Female,80+,60.22,2
2022-09-16,2022,9,16,31,Female,30–39,133.87,2
2023-10-18,2023,10,18,58,Female,50–59,0.0,0
2023-04-16,2023,4,16,61,Female,60–69,0.0,0
2022-01-12,2022,1,12,24,Male,18–29,0.0,0
2022-11-26,2022,11,26,20,Male,18–29,0.0,0
2022-12-24,2022,12,24,37,Male,30–39,0.0,0
2023-02-12,2023,2,12,4,Male,0–17,0.0,0
2023-10-30,2023,10,30,20,Female,18–29,0.0,0
2023-01-08,2023,1,8,60,Female,60–69,0.0,0
2022-01-08,2022,1,8,24,Male,18–29,0.0,0
2022-05-02,2022,5,2,50,Male,50–59,0.0,0
2022-12-14,2022,12,14,49,Female,40–49,0.0,0
2023-11-07,2023,11,7,51,Female,50–59,0.0,0
2022-03-31,2022,3,31,36,Female,30–39,0.0,0
2023-10-10,2023,10,10,66,Male,60–69,0.0,0
2023-11-29,2023,11,29,79,Female,70–79,0.0,0
2022-11-12,2022,11,12,34,Female,30–39,0.0,0
2022-06-27,2022,6,27,36,Male,30–39,0.0,0
2023-06-24,2023,6,24,6,Male,0–17,0.0,0
2022-02-10,2022,2,10,39,Male,30–39,0.0,0
2023-12-05,2023,12,5,42,Female,40–49,0.0,0
2023-05-17,2023,5,17,58,Female,50–59,0.0,0
2022-05-25,2022,5,25,12,Male,0–17,0.0,0
2022-07-20,2022,7,20,3,Female,0–17,0.0,0
2023-12-25,2023,12,25,18,Female,18–29,112.96,3
2023-04-06,2023,4,6,40,Female,40–49,0.0,0
2023-07-12,2023,7,12,21,Male,18–29,0.0,0
2023-07-01,2023,7,1,15,Male,0–17,127.84,2
2022-09-10,2022,9,10,26,Female,18–29,0.0,0
2023-01-25,2023,1,25,8,Female,0–17,52.97,3
2023-08-17,2023,8,17,87,Female,80+,0.0,0
2022-09-13,2022,9,13,42,Female,40–49,0.0,0
2023-12-10,2023,12,10,44,Male,40–49,0.0,0
2023-03-26,2023,3,26,14,Male,0–17,0.0,0
2022-01-10,2022,1,10,78,Female,70–79,56.72,3
2022-08-30,2022,8,30,2,Female,0–17,0.0,0
2022-09-08,2022,9,8,37,Male,30–39,0.0,0
2022-01-05,2022,1,5,69,Female,60–69,0.0,0
2022-04-29,2022,4,29,38,Male,30–39,67.77,2
2023-01-09,2023,1,9,41,Female,40–49,0.0,0
2022-03-06,2022,3,6,62,Male,60–69,39.33,1
2022-05-26,2022,5,26,60,Female,60–69,0.0,0
2022-08-12,2022,8,12,14,Female,0–17,0.0,0
2022-08-27,2022,8,27,89,Male,80+,0.0,0
2022-06-26,2022,6,26,84,Male,80+,94.0,1
2022-10-09,2022,10,9,2,Female,0–17,0.0,0
2022-03-04,2022,3,4,70,Female,70–79,0.0,0
2022-08-05,2022,8,5,17,Male,0–17,0.0,0
2023-11-20,2023,11,20,89,Male,80+,0.0,0
2023-04-06,2023,4,6,28,Female,18–29,0.0,0
2023-09-02,2023,9,2,66,Female,60–69,0.0,0
2022-04-15,2022,4,15,35,Male,30–39,0.0,0
2022-04-09,2022,4,9,5,Male,0–17,0.0,0
2023-05-26,2023,5,26,65,Male,60–69,0.0,0
2023-01-20,2023,1,20,40,Male,40–49,0.0,0
2023-02-09,2023,2,9,76,Male,70–79,0.0,0
2023-06-02,2023,6,2,56,Female,50–59,0.0,0
2023-04-21,2023,4,21,36,Female,30–39,0.0,0
2023-12-10,2023,12,10,45,Male,40–49,0.0,0
2023-10-07,2023,10,7,23,Female,18–29,0.0,0
2023-03-13,2023,3,13,47,Female,40–49,0.0,0
2022-01-23,2022,1,23,31,Male,30–39,0.0,0
2023-07-19,2023,7,19,11,Female,0–17,94.77,1
2023-11-08,2023,11,8,10,Female,0–17,0.0,0
2023-12-15,2023,12,15,67,Female,60–69,0.0,0
2023-04-03,2023,4,3,14,Male,0–17,0.0,0
2022-03-24,2022,3,24,80,Male,80+,0.0,0
2022-05-25,2022,5,25,74,Female,70–79,0.0,0
2022-03-26,2022,3,26,10,Female,0–17,0.0,0
2022-03-19,2022,3,19,76,Female,70–79,56.35,3
2023-04-02,2023,4,2,1,Female,0–17,0.0,0
2022-01-01,2022,1,1,5,Female,0–17,0.0,0
2022-02-20,2022,2,20,20,Female,18–29,0.0,0
2023-11-16,2023,11,16,8,Male,0–17,0.0,0
2023-12-18,2023,12,18,43,Female,40–49,0.0,0
2023-03-22,2023,3,22,76,Female,70–79,0.0,0
2023-03-25,2023,3,25,1,Male,0–17,0.0,0
2023-05-03,2023,5,3,57,Female,50–59,0.0,0
2022-02-03,2022,2,3,64,Female,60–69,0.0,0
2022-12-14,2022,12,14,84,Female,80+,0.0,0
2022-04-05,2022,4,5,28,Female,18–29,0.0,0
2022-03-13,2022,3,13,37,Male,30–39,0.0,0
2023-07-05,2023,7,5,47,Female,40–49,0.0,0
2022-06-03,2022,6,3,76,Male,70–79,0.0,0
2022-09-07,2022,9,7,37,Female,30–39,0.0,0
2023-11-05,2023,11,5,49,Female,40–49,0.0,0
2023-03-14,2023,3,14,44,Male,40–49,0.0,0
2022-04-28,2022,4,28,56,Female,50–59,0.0,0
2022-11-02,2022,11,2,28,Male,18–29,102.74,1
2022-09-25,2022,9,25,79,Male,70–79,0.0,0
2022-02-23,2022,2,23,6,Male,0–17,0.0,0
2022-08-24,2022,8,24,61,Female,60–69,0.0,0
2023-01-24,2023,1,24,20,Female,18–29,0.0,0
2023-02-05,2023,2,5,78,Female,70–79,0.0,0
2023-09-16,2023,9,16,2,Female,0–17,0.0,0
2022-10-30,2022,10,30,73,Male,70–79,0.0,0
2022-07-26,2022,7,26,37,Female,30–39,51.66,3
2022-08-17,2022,8,17,20,Female,18–29,0.0,0
2023-08-01,2023,8,1,26,Male,18–29,0.0,0
2022-03-16,2022,3,16,29,Male,18–29,0.0,0
2023-03-11,2023,3,11,1,Female,0–17,71.99,1
2022-04-13,2022,4,13,35,Male,30–39,0.0,0
2023-02-26,2023,2,26,70,Male,70–79,113.2,3
2023-12-05,2023,12,5,59,Male,50–59,76.23,2
2022-11-02,2022,11,2,69,Male,60–69,0.0,0
2022-04-08,2022,4,8,33,Male,30–39,0.0,0
2022-12-01,2022,12,1,51,Female,50–59,36.15,2
2023-03-11,2023,3,11,78,Female,70–79,0.0,0
2023-03-23,2023,3,23,12,Female,0–17,0.0,0
2022-11-04,2022,11,4,20,Female,18–29,127.55,1
2022-09-06,2022,9,6,53,Female,50–59,0.0,0
2022-06-15,2022,6,15,88,Female,80+,0.0,0
2023-04-26,2023,4,26,43,Female,40–49,0.0,0
2022-12-01,2022,12,1,89,Male,80+,0.0,0
2023-06-26,2023,6,26,50,Female,50–59,0.0,0
2022-04-16,2022,4,16,29,Female,18–29,99.58,2
2023-07-17,2023,7,17,57,Female,50–59,0.0,0
2022-03-22,2022,3,22,39,Male,30–39,0.0,0
2022-05-13,2022,5,13,56,Female,50–59,0.0,0
2022-05-18,2022,5,18,43,Female,40–49,0.0,0
2022-07-03,2022,7,3,50,Male,50–59,0.0,0
2023-02-05,2023,2,5,23,Female,18–29,56.75,1
2022-11-26,2022,11,26,44,Female,40–49,0.0,0
2023-05-23,2023,5,23,38,Male,30–39,0.0,0
2022-03-10,2022,3,10,84,Female,80+,0.0,0
2023-06-30,2023,6,30,23,Male,18–29,0.0,0
2022-02-22,2022,2,22,45,Female,40–49,118.64,2
2023-03-26,2023,3,26,52,Female,50–59,122.98,3
2022-07-24,2022,7,24,80,Female,80+,0.0,0
2022-05-06,2022,5,6,50,Male,50–59,0.0,0
2022-02-12,2022,2,12,8,Male,0–17,0.0,0
2022-04-21,2022,4,21,85,Male,80+,0.0,0
2023-10-25,2023,10,25,1,Female,0–17,0.0,0
2022-07-02,2022,7,2,8,Female,0–17,0.0,0
2022-04-05,2022,4,5,29,Male,18–29,85.57,2
2023-01-09,2023,1,9,5,Male,0–17,0.0,0
2023-06-04,2023,6,4,86,Female,80+,0.0,0
2022-12-26,2022,12,26,47,Female,40–49,0.0,0
2023-11-27,2023,11,27,34,Female,30–39,90.24,1
2022-10-08,2022,10,8,65,Female,60–69,0.0,0
2022-07-14,2022,7,14,55,Male,50–59,0.0,0
2022-07-14,2022,7,14,90,Female,80+,0.0,0
2023-10-29,2023,10,29,43,Female,40–49,0.0,0
2022-04-03,2022,4,3,74,Female,70–79,0.0,0
2023-11-03,2023,11,3,30,Female,30–39,42.06,3
2022-03-02,2022,3,2,82,Female,80+,0.0,0
2023-09-26,2023,9,26,17,Female,0–17,0.0,0
2022-02-20,2022,2,20,26,Female,18–29,0.0,0
2023-02-07,2023,2,7,8,Male,0–17,0.0,0
2022-01-05,2022,1,5,47,Male,40–49,0.0,0
2023-04-11,2023,4,11,76,Male,70–79,0.0,0
2023-08-27,2023,8,27,72,Female,70–79,0.0,0
2023-11-13,2023,11,13,89,Male,80+,0.0,0
2023-06-18,2023,6,18,46,Female,40–49,70.22,2
2023-02-09,2023,2,9,68,Female,60–69,0.0,0
2023-05-28,2023,5,28,33,Female,30–39,0.0,0
2023-10-07,2023,10,7,1,Female,0–17,0.0,0
2022-08-21,2022,8,21,19,Male,18–29,0.0,0
2023-06-08,2023,6,8,31,Female,30–39,0.0,0
2022-12-12,2022,12,12,80,Female,80+,0.0,0
2022-02-15,2022,2,15,14,Male,0–17,0.0,0
2023-06-30,2023,6,30,53,Male,50–59,0.0,0
2022-03-19,2022,3,19,48,Male,40–49,0.0,0
2023-12-31,2023,12,31,69,Female,60–69,0.0,0
2022-03-14,2022,3,14,90,Male,80+,0.0,0
2022-09-06,2022,9,6,62,Female,60–69,56.73,1
2022-02-16,2022,2,16,66,Female,60–69,0.0,0
2022-05-01,2022,5,1,64,Male,60–69,0.0,0
2022-08-02,2022,8,2,70,Male,70–79,0.0,0
2022-08-27,2022,8,27,63,Male,60–69,0.0,0
2022-02-25,2022,2,25,73,Female,70–79,0.0,0
2022-12-16,2022,12,16,33,Female,30–39,102.0,2
2022-04-17,2022,4,17,41,Female,40–49,0.0,0
2022-02-17,2022,2,17,89,Female,80+,0.0,0
2023-07-27,2023,7,27,48,Female,40–49,0.0,0
2022-12-03,2022,12,3,13,Female,0–17,0.0,0
2022-01-26,2022,1,26,73,Male,70–79,0.0,0
2022-09-14,2022,9,14,77,Female,70–79,0.0,0
2022-01-08,2022,1,8,31,Male,30–39,111.1,3
2023-09-17,2023,9,17,75,Male,70–79,0.0,0
2022-09-10,2022,9,10,68,Male,60–69,0.0,0
2023-11-23,2023,11,23,4,Male,0–17,0.0,0
2023-12-20,2023,12,20,19,Male,18–29,105.07,3
2022-10-30,2022,10,30,70,Female,70–79,44.98,2
2023-10-01,2023,10,1,82,Female,80+,0.0,0
2022-02-25,2022,2,25,13,Female,0–17,0.0,0
2023-12-27,2023,12,27,23,Female,18–29,0.0,0
2023-06-10,2023,6,10,83,Male,80+,0.0,0
2023-04-19,2023,4,19,75,Male,70–79,0.0,0
2022-01-28,2022,1,28,1,Male,0–17,0.0,0
2022-03-19,2022,3,19,88,Female,80+,0.0,0
2022-08-04,2022,8,4,54,Female,50–59,0.0,0
2023-01-21,2023,1,21,71,Female,70–79,0.0,0
2022-12-31,2022,12,31,89,Female,80+,0.0,0
2023-10-28,2023,10,28,85,Male,80+,0.0,0
2023-06-10,2023,6,10,15,Male,0–17,0.0,0
2023-11-30,2023,11,30,65,Female,60–69,0.0,0
2022-11-08,2022,11,8,76,Female,70–79,0.0,0
2022-01-07,2022,1,7,71,Male,70–79,0.0,0
2022-01-03,2022,1,3,15,Male,0–17,0.0,0
2023-09-15,2023,9,15,21,Male,18–29,81.84,3
2022-12-29,2022,12,29,19,Male,18–29,0.0,0
2023-05-23,2023,5,23,60,Female,60–69,0.0,0
2022-10-01,2022,10,1,89,Male,80+,101.36,1
2023-05-21,2023,5,21,33,Male,30–39,0.0,0
2022-01-15,2022,1,15,49,Male,40–49,40.05,2
2022-07-11,2022,7,11,35,Male,30–39,0.0,0
2023-09-23,2023,9,23,44,Female,40–49,0.0,0
2023-04-30,2023,4,30,90,Female,80+,0.0,0
2022-01-28,2022,1,28,11,Female,0–17,0.0,0
2023-12-15,2023,12,15,72,Female,70–79,0.0,0
2022-02-08,2022,2,8,78,Female,70–79,0.0,0
2022-09-30,2022,9,30,74,Female,70–79,0.0,0
2022-08-19,2022,8,19,66,Male,60–69,0.0,0
2022-03-27,2022,3,27,46,Male,40–49,0.0,0
2023-04-19,2023,4,19,9,Male,0–17,0.0,0
2022-05-06,2022,5,6,3,Male,0–17,0.0,0
2023-06-21,2023,6,21,85,Female,80+,0.0,0
2022-05-25,2022,5,25,26,Male,18–29,0.0,0
2023-06-09,2023,6,9,72,Female,70–79,0.0,0
2022-07-31,2022,7,31,48,Male,40–49,0.0,0
2022-01-25,2022,1,25,66,Male,60–69,0.0,0
2023-08-03,2023,8,3,70,Male,70–79,0.0,0
2023-01-29,2023,1,29,28,Female,18–29,0.0,0
2022-03-08,2022,3,8,26,Male,18–29,87.7,2
2022-08-21,2022,8,21,25,Female,18–29,0.0,0
2022-04-19,2022,4,19,12,Female,0–17,108.06,1
2022-05-26,2022,5,26,5,Male,0–17,101.67,3
2022-04-21,2022,4,21,48,Female,40–49,0.0,0
2022-08-16,2022,8,16,37,Female,30–39,0.0,0
2022-04-21,2022,4,21,79,Male,70–79,0.0,0
2023-04-15,2023,4,15,44,Male,40–49,44.24,3
2022-02-03,2022,2,3,15,Male,0–17,0.0,0
2023-09-15,2023,9,15,43,Male,40–49,0.0,0
2023-01-04,2023,1,4,48,Male,40–49,0.0,0
2023-08-18,2023,8,18,87,Male,80+,0.0,0
2023-07-08,2023,7,8,70,Female,70–79,0.0,0
2023-03-01,2023,3,1,46,Male,40–49,0.0,0
2023-09-05,2023,9,5,43,Male,40–49,0.0,0
2023-06-02,2023,6,2,21,Female,18–29,0.0,0
2023-11-23,2023,11,23,23,Male,18–29,0.0,0
2022-10-09,2022,10,9,80,Female,80+,0.0,0
2022-11-16,2022,11,16,47,Male,40–49,0.0,0
2023-03-19,2023,3,19,15,Male,0–17,0.0,0
2022-11-11,2022,11,11,25,Female,18–29,0.0,0
2023-01-12,2023,1,12,36,Male,30–39,0.0,0
2022-10-16,2022,10,16,75,Female,70–79,0.0,0
2023-03-13,2023,3,13,51,Male,50–59,0.0,0
2023-10-24,2023,10,24,15,Male,0–17,0.0,0
2022-10-04,2022,10,4,68,Female,60–69,0.0,0
2023-12-11,2023,12,11,21,Male,18–29,0.0,0
2023-08-05,2023,8,5,13,Male,0–17,0.0,0
2023-05-18,2023,5,18,86,Female,80+,0.0,0
2023-09-16,2023,9,16,19,Male,18–29,0.0,0
2023-05-31,2023,5,31,34,Female,30–39,0.0,0
2022-12-16,2022,12,16,78,Male,70–79,0.0,0
2023-03-22,2023,3,22,68,Female,60–69,0.0,0
2022-12-16,2022,12,16,52,Male,50–59,0.0,0
2023-08-30,2023,8,30,27,Female,18–29,0.0,0
2023-10-26,2023,10,26,29,Female,18–29,0.0,0
2022-05-17,2022,5,17,28,Male,18–29,0.0,0
2022-08-31,2022,8,31,35,Male,30–39,0.0,0
2023-06-27,2023,6,27,8,Female,0–17,81.62,1
2022-02-09,2022,2,9,16,Male,0–17,0.0,0
2022-08-17,2022,8,17,36,Female,30–39,118.57,1
2023-07-02,2023,7,2,30,Male,30–39,0.0,0
2022-08-11,2022,8,11,18,Male,18–29,0.0,0
2022-01-06,2022,1,6,2,Female,0–17,0.0,0
2022-11-18,2022,11,18,49,Female,40–49,0.0,0
2023-04-13,2023,4,13,77,Male,70–79,0.0,0
2022-03-16,2022,3,16,4,Male,0–17,0.0,0
2022-01-04,2022,1,4,90,Male,80+,0.0,0
2023-10-08,2023,10,8,89,Male,80+,0.0,0
2022-04-28,2022,4,28,75,Male,70–79,0.0,0
2023-08-29,2023,8,29,7,Female,0–17,0.0,0
2023-05-19,2023,5,19,74,Male,70–79,0.0,0
2023-07-28,2023,7,28,39,Male,30–39,0.0,0
2023-03-17,2023,3,17,13,Female,0–17,0.0,0
2022-07-13,2022,7,13,31,Female,30–39,58.37,3
2023-12-16,2023,12,16,71,Female,70–79,0.0,0
2023-01-27,2023,1,27,63,Male,60–69,0.0,0
2022-01-26,2022,1,26,56,Female,50–59,0.0,0
2023-03-11,2023,3,11,42,Female,40–49,0.0,0
2022-06-22,2022,6,22,61,Female,60–69,0.0,0
2022-10-27,2022,10,27,42,Female,40–49,0.0,0
2023-10-07,2023,10,7,56,Male,50–59,0.0,0
2022-11-22,2022,11,22,36,Male,30–39,0.0,0
2023-02-14,2023,2,14,84,Male,80+,0.0,0
2022-04-28,2022,4,28,68,Female,60–69,83.7,1
2023-12-25,2023,12,25,7,Female,0–17,0.0,0
2022-08-13,2022,8,13,54,Female,50–59,0.0,0
2023-06-16,2023,6,16,1,Female,0–17,0.0,0
2022-04-23,2022,4,23,44,Female,40–49,0.0,0
2022-05-20,2022,5,20,45,Female,40–49,0.0,0
2023-07-13,2023,7,13,47,Male,40–49,0.0,0
2022-01-01,2022,1,1,13,Male,0–17,0.0,0
2022-03-31,2022,3,31,22,Female,18–29,39.07,2
2023-10-16,2023,10,16,21,Male,18–29,0.0,0
2022-11-16,2022,11,16,86,Female,80+,0.0,0
2023-07-04,2023,7,4,9,Female,0–17,0.0,0
2022-05-19,2022,5,19,26,Male,18–29,0.0,0
2023-05-26,2023,5,26,9,Female,0–17,0.0,0
2022-09-16,2022,9,16,15,Male,0–17,0.0,0
2023-11-04,2023,11,4,10,Female,0–17,103.54,3
2023-11-21,2023,11,21,88,Female,80+,103.88,1
2022-01-10,2022,1,10,42,Male,40–49,0.0,0
2022-09-18,2022,9,18,72,Female,70–79,0.0,0
2023-10-12,2023,10,12,24,Female,18–29,0.0,0
2022-06-21,2022,6,21,80,Female,80+,0.0,0
2022-01-13,2022,1,13,49,Male,40–49,0.0,0
2022-06-17,2022,6,17,26,Female,18–29,91.75,2
2023-10-04,2023,10,4,37,Female,30–39,0.0,0
2023-08-19,2023,8,19,68,Female,60–69,0.0,0
2022-11-17,2022,11,17,50,Male,50–59,0.0,0
2022-11-15,2022,11,15,24,Male,18–29,0.0,0
2023-09-05,2023,9,5,19,Male,18–29,0.0,0
2022-11-25,2022,11,25,60,Male,60–69,0.0,0
2023-07-04,2023,7,4,39,Male,30–39,111.89,3
2023-02-23,2023,2,23,74,Female,70–79,0.0,0
2023-08-29,2023,8,29,89,Male,80+,0.0,0
2022-04-05,2022,4,5,18,Male,18–29,0.0,0
2023-08-04,2023,8,4,19,Female,18–29,0.0,0
2022-11-14,2022,11,14,36,Male,30–39,0.0,0
2022-08-24,2022,8,24,74,Female,70–79,0.0,0
2022-11-30,2022,11,30,55,Male,50–59,65.37,2
2023-01-11,2023,1,11,69,Female,60–69,77.88,1
2023-04-04,2023,4,4,47,Female,40–49,0.0,0
2022-05-17,2022,5,17,49,Male,40–49,0.0,0
2023-08-11,2023,8,11,33,Male,30–39,0.0,0
2023-07-01,2023,7,1,21,Female,18–29,0.0,0
2023-05-28,2023,5,28,81,Female,80+,0.0,0
2022-10-23,2022,10,23,22,Female,18–29,0.0,0
2022-11-16,2022,11,16,48,Female,40–49,0.0,0
2023-07-26,2023,7,26,37,Female,30–39,0.0,0
2022-12-15,2022,12,15,15,Female,0–17,0.0,0
2022-08-17,2022,8,17,35,Female,30–39,0.0,0
2022-09-27,2022,9,27,71,Male,70–79,0.0,0
2022-10-18,2022,10,18,32,Female,30–39,0.0,0
2023-12-26,2023,12,26,11,Male,0–17,48.5,2
2022-06-14,2022,6,14,10,Male,0–17,0.0,0
2022-01-05,2022,1,5,73,Female,70–79,43.7,3
2023-01-14,2023,1,14,78,Female,70–79,0.0,0
2022-03-19,2022,3,19,77,Male,70–79,84.0,3
2023-02-14,2023,2,14,57,Female,50–59,0.0,0
2023-07-28,2023,7,28,25,Female,18–29,0.0,0
2022-05-12,2022,5,12,2,Male,0–17,0.0,0
2023-08-24,2023,8,24,64,Male,60–69,0.0,0
2022-02-11,2022,2,11,35,Male,30–39,0.0,0
2022-03-30,2022,3,30,7,Female,0–17,0.0,0
2023-02-06,2023,2,6,85,Female,80+,34.41,3
2022-10-23,2022,10,23,18,Male,18–29,0.0,0
2022-10-22,2022,10,22,67,Female,60–69,48.09,1
2023-09-08,2023,9,8,42,Male,40–49,107.86,3
2023-06-10,2023,6,10,39,Female,30–39,0.0,0
2023-11-22,2023,11,22,41,Male,40–49,50.68,1
2023-09-29,2023,9,29,75,Female,70–79,0.0,0
2023-02-26,2023,2,26,24,Male,18–29,100.46,1
2022-01-23,2022,1,23,60,Female,60–69,0.0,0
2023-07-29,2023,7,29,46,Female,40–49,0.0,0
2022-05-23,2022,5,23,19,Male,18–29,0.0,0
2023-10-27,2023,10,27,68,Female,60–69,0.0,0
2022-05-25,2022,5,25,90,Female,80+,0.0,0
2022-08-13,2022,8,13,42,Male,40–49,0.0,0
2023-05-18,2023,5,18,32,Female,30–39,0.0,0
2023-09-08,2023,9,8,39,Female,30–39,0.0,0
2022-04-14,2022,4,14,36,Female,30–39,0.0,0
2022-02-08,2022,2,8,36,Male,30–39,0.0,0
2022-07-17,2022,7,17,3,Male,0–17,0.0,0
2023-10-08,2023,10,8,73,Male,70–79,0.0,0
2023-08-02,2023,8,2,8,Male,0–17,0.0,0
2023-01-26,2023,1,26,70,Male,70–79,0.0,0
2022-06-28,2022,6,28,41,Female,40–49,69.18,2
2023-07-08,2023,7,8,68,Female,60–69,0.0,0
2023-03-24,2023,3,24,13,Male,0–17,0.0,0
2023-05-15,2023,5,15,49,Female,40–49,0.0,0
2022-01-15,2022,1,15,60,Female,60–69,0.0,0
2023-09-15,2023,9,15,2,Female,0–17,90.63,2
2023-10-31,2023,10,31,60,Female,60–69,0.0,0
2022-10-16,2022,10,16,5,Male,0–17,0.0,0
2023-04-23,2023,4,23,44,Male,40–49,0.0,0
2022-08-19,2022,8,19,27,Female,18–29,0.0,0
2023-02-24,2023,2,24,32,Female,30–39,0.0,0
2022-06-06,2022,6,6,21,Male,18–29,0.0,0
2023-07-04,2023,7,4,8,Female,0–17,93.76,1
2023-03-17,2023,3,17,72,Female,70–79,114.27,2
2022-04-07,2022,4,7,50,Female,50–59,0.0,0
2023-02-15,2023,2,15,67,Male,60–69,0.0,0
2022-10-16,2022,10,16,44,Male,40–49,0.0,0
2022-09-11,2022,9,11,58,Female,50–59,0.0,0
2022-07-15,2022,7,15,3,Female,0–17,0.0,0
2023-08-21,2023,8,21,86,Female,80+,105.9,1
2023-06-06,2023,6,6,70,Female,70–79,0.0,0
2023-06-01,2023,6,1,2,Female,0–17,0.0,0
2023-09-27,2023,9,27,87,Female,80+,0.0,0
2022-04-28,2022,4,28,44,Male,40–49,125.69,1
2022-06-08,2022,6,8,2,Male,0–17,0.0,0
2022-08-16,2022,8,16,81,Female,80+,0.0,0
2022-08-04,2022,8,4,35,Male,30–39,41.76,3
2023-11-27,2023,11,27,87,Female,80+,0.0,0
2022-01-15,2022,1,15,30,Female,30–39,0.0,0
2022-06-06,2022,6,6,8,Male,0–17,0.0,0
2023-10-10,2023,10,10,22,Male,18–29,0.0,0
2022-09-18,2022,9,18,44,Female,40–49,0.0,0
2022-06-06,2022,6,6,58,Female,50–59,0.0,0
2022-02-16,2022,2,16,36,Male,30–39,60.34,3
2022-11-20,2022,11,20,69,Male,60–69,0.0,0
2023-11-16,2023,11,16,77,Female,70–79,0.0,0
2022-05-10,2022,5,10,31,Female,30–39,58.32,3
2023-02-15,2023,2,15,47,Female,40–49,0.0,0
2022-04-05,2022,4,5,55,Male,50–59,0.0,0
2023-09-19,2023,9,19,80,Female,80+,0.0,0
2022-10-19,2022,10,19,62,Male,60–69,0.0,0
2022-10-10,2022,10,10,30,Female,30–39,0.0,0
2022-03-10,2022,3,10,55,Male,50–59,0.0,0
2023-10-22,2023,10,22,16,Male,0–17,0.0,0
2022-01-11,2022,1,11,12,Male,0–17,0.0,0
2022-09-11,2022,9,11,17,Male,0–17,0.0,0
2023-07-04,2023,7,4,16,Female,0–17,51.38,3
2022-05-14,2022,5,14,12,Male,0–17,43.11,3
2023-12-13,2023,12,13,8,Male,0–17,0.0,0
2022-01-23,2022,1,23,84,Male,80+,0.0,0
2022-12-12,2022,12,12,3,Female,0–17,0.0,0
2022-10-29,2022,10,29,16,Female,0–17,0.0,0
2022-12-29,2022,12,29,30,Female,30–39,106.46,2
2023-01-31,2023,1,31,23,Female,18–29,0.0,0
2022-08-06,2022,8,6,5,Female,0–17,0.0,0
2022-05-21,2022,5,21,84,Female,80+,0.0,0
2023-09-08,2023,9,8,65,Male,60–69,94.2,2
2022-07-29,2022,7,29,30,Male,30–39,0.0,0
2023-09-15,2023,9,15,21,Male,18–29,0.0,0
2023-09-08,2023,9,8,84,Female,80+,0.0,0
2023-11-14,2023,11,14,70,Male,70–79,0.0,0
2023-04-05,2023,4,5,22,Male,18–29,0.0,0
2022-12-22,2022,12,22,82,Female,80+,0.0,0
2022-11-20,2022,11,20,72,Male,70–79,0.0,0
2022-05-13,2022,5,13,32,Female,30–39,0.0,0
2022-05-07,2022,5,7,33,Male,30–39,0.0,0
2022-04-16,2022,4,16,16,Female,0–17,0.0,0
2023-08-27,2023,8,27,76,Female,70–79,0.0,0
2023-01-13,2023,1,13,38,Female,30–39,0.0,0
2022-02-20,2022,2,20,14,Male,0–17,105.75,2
2022-01-29,2022,1,29,36,Male,30–39,0.0,0
2023-04-07,2023,4,7,23,Female,18–29,0.0,0
2022-10-23,2022,10,23,66,Female,60–69,0.0,0
2022-10-24,2022,10,24,85,Male,80+,0.0,0
2023-12-27,2023,12,27,2,Male,0–17,0.0,0
2023-02-11,2023,2,11,73,Female,70–79,49.33,3
2023-09-05,2023,9,5,65,Male,60–69,0.0,0
2023-02-09,2023,2,9,75,Male,70–79,0.0,0
2022-12-12,2022,12,12,67,Male,60–69,0.0,0
2023-09-14,2023,9,14,52,Female,50–59,98.14,1
2023-02-24,2023,2,24,62,Female,60–69,0.0,0
2022-07-01,2022,7,1,23,Male,18–29,0.0,0
2022-01-01,2022,1,1,26,Female,18–29,0.0,0
2023-07-21,2023,7,21,68,Male,60–69,0.0,0
2023-01-06,2023,1,6,82,Male,80+,0.0,0
2023-10-23,2023,10,23,55,Female,50–59,0.0,0
2023-03-07,2023,3,7,6,Female,0–17,0.0,0
2022-11-05,2022,11,5,35,Female,30–39,0.0,0
2022-05-17,2022,5,17,22,Male,18–29,43.36,2
2022-07-21,2022,7,21,43,Male,40–49,0.0,0
2023-03-12,2023,3,12,15,Female,0–17,0.0,0
2022-11-09,2022,11,9,86,Female,80+,0.0,0
2022-04-27,2022,4,27,60,Female,60–69,47.56,1
2023-10-28,2023,10,28,12,Male,0–17,0.0,0
2023-07-29,2023,7,29,49,Male,40–49,0.0,0
2022-09-01,2022,9,1,42,Male,40–49,0.0,0
2023-06-21,2023,6,21,38,Female,30–39,0.0,0
2023-08-25,2023,8,25,82,Female,80+,0.0,0
2022-03-16,2022,3,16,45,Male,40–49,0.0,0
2023-01-21,2023,1,21,35,Female,30–39,85.8,1
2022-07-29,2022,7,29,30,Female,30–39,0.0,0
2023-04-20,2023,4,20,88,Female,80+,0.0,0
2023-02-22,2023,2,22,30,Female,30–39,0.0,0
2022-12-13,2022,12,13,78,Male,70–79,107.25,2
2023-06-13,2023,6,13,6,Female,0–17,0.0,0
2023-10-02,2023,10,2,67,Male,60–69,86.62,1
2022-06-28,2022,6,28,80,Male,80+,0.0,0
2022-07-01,2022,7,1,7,Female,0–17,0.0,0
2023-10-26,2023,10,26,52,Male,50–59,0.0,0
2022-01-25,2022,1,25,14,Male,0–17,0.0,0
2022-06-29,2022,6,29,73,Female,70–79,0.0,0
2023-12-11,2023,12,11,15,Male,0–17,0.0,0
2023-05-16,2023,5,16,21,Male,18–29,0.0,0
2022-06-10,2022,6,10,35,Male,30–39,72.42,3
2022-06-26,2022,6,26,66,Male,60–69,105.8,3
2022-10-12,2022,10,12,2,Male,0–17,0.0,0
2022-03-04,2022,3,4,35,Male,30–39,0.0,0
2023-10-24,2023,10,24,82,Male,80+,0.0,0
2023-10-28,2023,10,28,78,Male,70–79,0.0,0
2022-06-05,2022,6,5,20,Female,18–29,0.0,0
2023-04-14,2023,4,14,82,Female,80+,0.0,0
2022-02-18,2022,2,18,10,Female,0–17,0.0,0
2022-03-25,2022,3,25,25,Male,18–29,0.0,0
2022-12-27,2022,12,27,66,Male,60–69,105.0,2
2023-11-20,2023,11,20,25,Male,18–29,0.0,0
2022-05-28,2022,5,28,54,Female,50–59,0.0,0
2023-09-22,2023,9,22,33,Female,30–39,0.0,0
2022-12-08,2022,12,8,36,Female,30–39,0.0,0
2023-04-21,2023,4,21,14,Male,0–17,0.0,0
2022-03-04,2022,3,4,65,Female,60–69,0.0,0
2023-12-02,2023,12,2,80,Female,80+,0.0,0
2022-12-26,2022,12,26,54,Male,50–59,0.0,0
2023-07-15,2023,7,15,52,Female,50–59,0.0,0
2022-11-23,2022,11,23,3,Male,0–17,0.0,0
2022-05-21,2022,5,21,41,Female,40–49,0.0,0
2022-08-03,2022,8,3,6,Male,0–17,0.0,0
2023-03-11,2023,3,11,25,Male,18–29,0.0,0
2023-12-24,2023,12,24,13,Male,0–17,0.0,0
2022-11-14,2022,11,14,8,Male,0–17,0.0,0
2022-02-01,2022,2,1,21,Male,18–29,0.0,0
2023-11-01,2023,11,1,68,Female,60–69,0.0,0
2022-10-12,2022,10,12,25,Male,18–29,0.0,0
2022-11-01,2022,11,1,79,Male,70–79,0.0,0
2023-03-05,2023,3,5,68,Male,60–69,0.0,0
2023-04-22,2023,4,22,45,Male,40–49,0.0,0
